user_id,consumption
1,902
2,1148
3,1070
4,906
5,871
6,988
7,820
8,902
9,921
10,1014
11,1130
12,887
13,1172
14,899
15,1159
16,951
17,930
18,949
19,1108
20,1057
21,1143
22,1093
23,1185
24,991
25,1076
26,960
27,1113
28,821
29,1052
30,1035
31,1144
32,848
33,858
34,969
35,987
36,1070
37,989
38,974
39,850
40,1163
41,854
42,1043
43,1119
44,930
45,1106
46,934
47,820
48,1128
49,966
50,1073
51,1187
52,888
53,1115
54,813
55,1041
56,1064
57,1145
58,852
59,1185
60,1139
61,891
62,1166
63,1063
64,834
65,1005
66,880
67,849
68,1159
69,1187
70,801
71,1189
72,853
73,905
74,1059
75,1109
76,990
77,1017
78,843
79,961
80,1001
81,1069
82,1150
83,1103
84,1070
85,1014
86,1051
87,989
88,1095
89,1012
90,1007
91,1036
92,1137
93,1166
94,852
95,1079
96,1016
97,1051
98,987
99,1179
100,840
101,956
102,814
103,1100
104,864
105,1144
106,1126
107,808
108,1143
109,928
110,935
111,862
112,938
113,880
114,1191
115,962
116,1088
117,1178
118,1060
119,1030
120,840
121,827
122,934
123,1000
124,1127
125,1067
126,832
127,847
128,861
129,1015
130,1092
131,898
132,971
133,1159
134,1013
135,834
136,1026
137,900
138,930
139,1056
140,804
141,1017
142,1054
143,1197
144,1158
145,1082
146,1192
147,1006
148,814
149,1145
150,841
151,1179
152,978
153,862
154,1151
155,1030
156,1040
157,851
158,895
159,1187
160,1021
161,1030
162,1036
163,942
164,970
165,828
166,835
167,812
168,959
169,1126
170,986
171,1042
172,885
173,1083
174,865
175,969
176,844
177,861
178,933
179,1083
180,827
181,907
182,843
183,1139
184,1085
185,1130
186,927
187,1147
188,1030
189,989
190,1024
191,1184
192,1176
193,1082
194,920
195,915
196,1032
197,1058
198,1158
199,997
200,936
201,1117
202,964
203,1024
204,1106
205,1033
206,971
207,951
208,1114
209,1173
210,959
211,895
212,1032
213,979
214,912
215,1117
216,851
217,1067
218,1094
219,1185
220,1186
221,912
222,900
223,912
224,880
225,986
226,912
227,801
228,929
229,1019
230,853
231,1142
232,1023
233,1024
234,1184
235,925
236,929
237,852
238,971
239,1017
240,959
241,997
242,1046
243,1123
244,1002
245,983
246,922
247,1200
248,1054
249,1093
250,1079
251,1124
252,1171
253,897
254,997
255,1194
256,1039
257,943
258,896
259,1000
260,923
261,986
262,1125
263,1148
264,1058
265,947
266,1051
267,1145
268,946
269,947
270,1151
271,998
272,1107
273,927
274,838
275,1137
276,1159
277,928
278,1066
279,950
280,1097
281,898
282,1062
283,1051
284,943
285,1145
286,911
287,859
288,1168
289,801
290,1184
291,1103
292,1053
293,939
294,836
295,959
296,808
297,1032
298,898
299,946
300,1103
301,1007
302,930
303,951
304,853
305,919
306,960
307,915
308,874
309,912
310,903
311,1139
312,1053
313,1026
314,911
315,898
316,952
317,1148
318,1183
319,1165
320,1137
321,993
322,1109
323,962
324,1007
325,968
326,960
327,867
328,1088
329,1197
330,1076
331,1103
332,1183
333,1191
334,934
335,994
336,1200
337,927
338,832
339,975
340,1170
341,1174
342,821
343,1037
344,957
345,837
346,1029
347,1164
348,850
349,1063
350,1082
351,826
352,1025
353,1076
354,1085
355,896
356,1083
357,1166
358,1116
359,1103
360,946
361,803
362,834
363,991
364,848
365,816
366,971
367,1019
368,957
369,845
370,1172
371,805
372,898
373,1179
374,1032
375,836
376,1079
377,1148
378,1101
379,980
380,894
381,898
382,987
383,915
384,990
385,1052
386,960
387,1055
388,1122
389,927
390,817
391,1080
392,1022
393,853
394,857
395,1122
396,1159
397,973
398,1079
399,913
400,1087
401,1141
402,950
403,926
404,954
405,1185
406,1072
407,903
408,1192
409,1098
410,1045
411,975
412,838
413,969
414,1046
415,825
416,1154
417,1105
418,812
419,1115
420,1190
421,1112
422,835
423,972
424,819
425,1120
426,1063
427,1199
428,941
429,1170
430,942
431,891
432,1153
433,1121
434,1087
435,1014
436,1141
437,850
438,952
439,985
440,862
441,989
442,924
443,949
444,1113
445,857
446,1141
447,1104
448,979
449,969
450,1125
451,1070
452,853
453,900
454,1063
455,852
456,859
457,907
458,804
459,902
460,995
461,1061
462,1164
463,1171
464,1149
465,846
466,1154
467,1110
468,1107
469,943
470,1068
471,1169
472,923
473,905
474,957
475,946
476,944
477,919
478,1118
479,1074
480,891
481,857
482,1145
483,1028
484,916
485,1117
486,1078
487,926
488,1192
489,1195
490,928
491,857
492,921
493,800
494,1038
495,1089
496,895
497,925
498,917
499,847
500,888
501,1036
502,1172
503,1184
504,1071
505,988
506,991
507,868
508,1077
509,1148
510,1046
511,875
512,953
513,943
514,885
515,984
516,1084
517,1019
518,868
519,846
520,893
521,1037
522,1003
523,1199
524,1017
525,1140
526,838
527,899
528,1088
529,1053
530,1021
531,1156
532,822
533,1049
534,809
535,1045
536,1124
537,899
538,1089
539,979
540,1022
541,1193
542,1049
543,946
544,895
545,1056
546,1124
547,803
548,815
549,1079
550,1135
551,1046
552,1057
553,1183
554,959
555,1139
556,951
557,1195
558,977
559,962
560,1179
561,832
562,978
563,900
564,1067
565,1122
566,864
567,967
568,1129
569,842
570,843
571,1084
572,1196
573,811
574,894
575,1101
576,1185
577,1052
578,1041
579,834
580,1014
581,1136
582,889
583,1063
584,892
585,889
586,914
587,904
588,1190
589,995
590,1113
591,913
592,874
593,1175
594,1016
595,1076
596,1048
597,963
598,1193
599,1156
600,991
601,1026
602,976
603,898
604,835
605,895
606,951
607,950
608,989
609,1023
610,836
611,1067
612,1168
613,982
614,812
615,1078
616,1016
617,1154
618,1160
619,1085
620,1072
621,1168
622,861
623,883
624,1167
625,1016
626,1141
627,1196
628,986
629,818
630,976
631,899
632,1195
633,1032
634,875
635,1064
636,1083
637,1005
638,1022
639,1183
640,851
641,1138
642,1166
643,943
644,1172
645,868
646,898
647,1195
648,824
649,1178
650,852
651,950
652,943
653,856
654,838
655,908
656,980
657,841
658,985
659,1197
660,1022
661,921
662,932
663,962
664,1014
665,1020
666,1034
667,1130
668,945
669,1038
670,875
671,808
672,873
673,1200
674,1052
675,1029
676,806
677,973
678,940
679,967
680,969
681,1192
682,1082
683,921
684,993
685,804
686,828
687,964
688,1138
689,935
690,1164
691,1120
692,1141
693,944
694,1126
695,1016
696,1100
697,931
698,1091
699,869
700,1051
701,1074
702,1163
703,981
704,966
705,890
706,1001
707,1145
708,818
709,838
710,925
711,972
712,940
713,1041
714,1019
715,925
716,857
717,947
718,1116
719,1182
720,1160
721,800
722,1186
723,1147
724,989
725,990
726,1168
727,1111
728,916
729,933
730,857
731,843
732,972
733,959
734,972
735,1116
736,1102
737,948
738,879
739,1173
740,1012
741,1002
742,1051
743,1028
744,963
745,1026
746,946
747,819
748,846
749,1032
750,1104
751,813
752,942
753,800
754,1172
755,853
756,1173
757,1058
758,943
759,811
760,1129
761,1023
762,1071
763,1157
764,955
765,1172
766,807
767,921
768,1147
769,963
770,889
771,935
772,985
773,1115
774,977
775,827
776,1019
777,1156
778,840
779,1027
780,991
781,944
782,1000
783,1011
784,1019
785,1039
786,1196
787,845
788,834
789,1052
790,1189
791,881
792,1170
793,1055
794,996
795,1102
796,809
797,1111
798,1085
799,1041
800,1050
801,1164
802,804
803,918
804,1088
805,1173
806,864
807,945
808,1023
809,1038
810,976
811,1066
812,1140
813,1081
814,862
815,1016
816,1141
817,1114
818,1082
819,976
820,897
821,904
822,898
823,1184
824,1110
825,805
826,996
827,1150
828,932
829,1157
830,1058
831,822
832,852
833,964
834,1001
835,882
836,944
837,884
838,877
839,1165
840,800
841,850
842,972
843,1004
844,1059
845,1168
846,1087
847,833
848,1147
849,894
850,871
851,838
852,953
853,1049
854,961
855,917
856,1058
857,1178
858,1105
859,1067
860,853
861,1035
862,1188
863,1021
864,1050
865,1112
866,1200
867,911
868,1054
869,1102
870,1006
871,1028
872,1140
873,1197
874,865
875,874
876,902
877,991
878,1051
879,1025
880,1093
881,1105
882,897
883,1137
884,1085
885,1134
886,1146
887,1107
888,1048
889,965
890,1134
891,829
892,1046
893,905
894,850
895,880
896,932
897,1084
898,1187
899,937
900,983
901,1200
902,1129
903,1072
904,1139
905,868
906,833
907,1061
908,852
909,1004
910,925
911,1034
912,842
913,1039
914,1170
915,910
916,1048
917,950
918,982
919,1135
920,894
921,1173
922,1199
923,807
924,1187
925,1159
926,1187
927,983
928,1080
929,994
930,1151
931,994
932,954
933,892
934,959
935,860
936,921
937,850
938,1076
939,804
940,891
941,969
942,1116
943,821
944,1125
945,800
946,932
947,1032
948,811
949,1145
950,845
951,833
952,877
953,1017
954,1100
955,872
956,1081
957,1048
958,846
959,920
960,1013
961,1038
962,855
963,1149
964,906
965,1118
966,847
967,860
968,1136
969,825
970,1091
971,1056
972,807
973,912
974,1154
975,1052
976,979
977,1006
978,1102
979,926
980,855
981,1013
982,813
983,827
984,877
985,1015
986,1185
987,1164
988,953
989,813
990,986
991,1111
992,1170
993,806
994,802
995,910
996,1037
997,1162
998,1038
999,1073
1000,1093
1001,1026
1002,1170
1003,814
1004,991
1005,918
1006,827
1007,1001
1008,838
1009,1072
1010,1030
1011,885
1012,925
1013,1099
1014,824
1015,944
1016,812
1017,1011
1018,824
1019,867
1020,1193
1021,866
1022,1032
1023,908
1024,945
1025,910
1026,1027
1027,910
1028,833
1029,910
1030,1063
1031,1168
1032,1035
1033,882
1034,841
1035,900
1036,805
1037,979
1038,1081
1039,1119
1040,1025
1041,1114
1042,1164
1043,1028
1044,1176
1045,1088
1046,949
1047,1076
1048,997
1049,869
1050,911
1051,803
1052,1149
1053,1130
1054,1117
1055,1149
1056,894
1057,951
1058,1110
1059,936
1060,1046
1061,1186
1062,1042
1063,830
1064,839
1065,1028
1066,835
1067,1022
1068,805
1069,1121
1070,1019
1071,874
1072,803
1073,1134
1074,933
1075,917
1076,1168
1077,893
1078,861
1079,993
1080,1134
1081,1002
1082,1191
1083,825
1084,972
1085,1099
1086,932
1087,1125
1088,917
1089,1123
1090,1074
1091,1011
1092,1024
1093,819
1094,912
1095,939
1096,846
1097,800
1098,889
1099,941
1100,1119
1101,837
1102,1092
1103,1181
1104,938
1105,1155
1106,1132
1107,1058
1108,960
1109,1189
1110,977
1111,809
1112,1060
1113,937
1114,971
1115,1185
1116,812
1117,967
1118,929
1119,883
1120,1120
1121,1118
1122,900
1123,1128
1124,1072
1125,1064
1126,1198
1127,837
1128,893
1129,894
1130,1104
1131,868
1132,1117
1133,1035
1134,1133
1135,1172
1136,1175
1137,936
1138,875
1139,834
1140,800
1141,1095
1142,1119
1143,859
1144,1119
1145,1148
1146,1127
1147,1066
1148,1160
1149,1028
1150,1069
1151,1115
1152,1085
1153,1090
1154,1012
1155,964
1156,804
1157,1138
1158,1178
1159,877
1160,861
1161,931
1162,888
1163,1036
1164,841
1165,888
1166,1095
1167,1127
1168,1094
1169,903
1170,813
1171,1087
1172,978
1173,924
1174,1152
1175,822
1176,862
1177,942
1178,952
1179,944
1180,1024
1181,1108
1182,903
1183,903
1184,838
1185,997
1186,933
1187,866
1188,1190
1189,978
1190,841
1191,814
1192,910
1193,956
1194,1088
1195,1030
1196,956
1197,837
1198,896
1199,1088
1200,1053
1201,995
1202,885
1203,1121
1204,809
1205,804
1206,922
1207,1129
1208,1152
1209,917
1210,1093
1211,1196
1212,958
1213,1102
1214,1027
1215,1164
1216,1015
1217,983
1218,814
1219,956
1220,935
1221,1060
1222,956
1223,846
1224,1123
1225,1131
1226,972
1227,929
1228,894
1229,914
1230,1042
1231,1091
1232,1081
1233,1098
1234,1082
1235,868
1236,947
1237,810
1238,1053
1239,1129
1240,1159
1241,837
1242,933
1243,999
1244,822
1245,1102
1246,1145
1247,1101
1248,1162
1249,1195
1250,1017
1251,940
1252,903
1253,1009
1254,910
1255,903
1256,1115
1257,970
1258,1155
1259,1123
1260,932
1261,1175
1262,1092
1263,1127
1264,926
1265,905
1266,891
1267,1086
1268,1177
1269,1192
1270,850
1271,828
1272,1095
1273,1096
1274,1013
1275,1066
1276,1056
1277,1101
1278,900
1279,1145
1280,909
1281,981
1282,1112
1283,800
1284,1118
1285,854
1286,1170
1287,1198
1288,948
1289,1108
1290,936
1291,1001
1292,1112
1293,916
1294,953
1295,1090
1296,862
1297,1043
1298,824
1299,889
1300,874
1301,1093
1302,1185
1303,1190
1304,1009
1305,1146
1306,816
1307,927
1308,1163
1309,1050
1310,978
1311,981
1312,951
1313,824
1314,979
1315,997
1316,1143
1317,960
1318,976
1319,1084
1320,862
1321,949
1322,953
1323,955
1324,1169
1325,848
1326,1136
1327,883
1328,1160
1329,976
1330,947
1331,917
1332,1141
1333,862
1334,988
1335,1159
1336,848
1337,1126
1338,1056
1339,1023
1340,940
1341,1014
1342,1178
1343,1010
1344,1117
1345,831
1346,957
1347,1084
1348,1104
1349,1085
1350,943
1351,818
1352,817
1353,1056
1354,877
1355,1170
1356,974
1357,993
1358,912
1359,913
1360,1021
1361,965
1362,1118
1363,931
1364,1184
1365,1063
1366,854
1367,1158
1368,930
1369,1087
1370,1065
1371,1165
1372,961
1373,1179
1374,886
1375,854
1376,1087
1377,977
1378,1190
1379,1148
1380,807
1381,1120
1382,1112
1383,1046
1384,1122
1385,1054
1386,1127
1387,853
1388,1048
1389,1038
1390,1028
1391,866
1392,850
1393,896
1394,891
1395,1063
1396,1090
1397,895
1398,887
1399,877
1400,1087
1401,919
1402,1101
1403,1199
1404,964
1405,981
1406,1197
1407,1022
1408,1110
1409,806
1410,1129
1411,1062
1412,960
1413,950
1414,884
1415,946
1416,911
1417,1180
1418,835
1419,1084
1420,987
1421,881
1422,801
1423,1184
1424,1102
1425,996
1426,810
1427,1033
1428,1185
1429,994
1430,918
1431,1195
1432,819
1433,1060
1434,1092
1435,1055
1436,1021
1437,1192
1438,1025
1439,852
1440,1154
1441,1141
1442,1163
1443,1079
1444,880
1445,1001
1446,957
1447,919
1448,858
1449,1014
1450,927
1451,1023
1452,1008
1453,1169
1454,914
1455,1008
1456,813
1457,808
1458,839
1459,1036
1460,1080
1461,1158
1462,1000
1463,1045
1464,1077
1465,1034
1466,803
1467,953
1468,828
1469,908
1470,897
1471,1014
1472,1092
1473,874
1474,1125
1475,945
1476,927
1477,1140
1478,841
1479,1155
1480,840
1481,833
1482,816
1483,964
1484,952
1485,1177
1486,875
1487,886
1488,916
1489,1161
1490,1141
1491,826
1492,1112
1493,1086
1494,933
1495,1018
1496,967
1497,897
1498,1067
1499,1036
1500,1108
1501,1193
1502,972
1503,1200
1504,989
1505,921
1506,845
1507,863
1508,929
1509,1109
1510,1162
1511,992
1512,1106
1513,980
1514,1091
1515,1170
1516,1081
1517,828
1518,948
1519,1066
1520,1095
1521,810
1522,963
1523,912
1524,986
1525,1094
1526,1031
1527,1026
1528,1109
1529,897
1530,854
1531,910
1532,951
1533,1045
1534,868
1535,1111
1536,1088
1537,1049
1538,835
1539,1038
1540,947
1541,1026
1542,1043
1543,1136
1544,1164
1545,1000
1546,953
1547,872
1548,1000
1549,1095
1550,816
1551,928
1552,1016
1553,860
1554,903
1555,841
1556,824
1557,838
1558,1090
1559,930
1560,1028
1561,907
1562,971
1563,901
1564,1153
1565,811
1566,1074
1567,900
1568,843
1569,1104
1570,816
1571,1129
1572,856
1573,1110
1574,1102
1575,811
1576,1117
1577,879
1578,1015
1579,1138
1580,1063
1581,948
1582,880
1583,1014
1584,1173
1585,997
1586,999
1587,824
1588,888
1589,1067
1590,942
1591,858
1592,1164
1593,825
1594,846
1595,1087
1596,1065
1597,815
1598,998
1599,1200
1600,1081
1601,885
1602,1049
1603,1190
1604,1069
1605,1134
1606,916
1607,806
1608,936
1609,1170
1610,975
1611,1127
1612,1114
1613,1014
1614,881
1615,1022
1616,1171
1617,902
1618,1072
1619,813
1620,958
1621,951
1622,907
1623,987
1624,1100
1625,897
1626,930
1627,1092
1628,970
1629,982
1630,1163
1631,838
1632,814
1633,1175
1634,803
1635,1148
1636,1196
1637,1009
1638,960
1639,815
1640,907
1641,1181
1642,1110
1643,1026
1644,969
1645,833
1646,1050
1647,1046
1648,1068
1649,940
1650,1073
1651,895
1652,1026
1653,1178
1654,838
1655,1101
1656,828
1657,1117
1658,1044
1659,1035
1660,984
1661,1071
1662,1035
1663,1038
1664,1176
1665,1065
1666,1158
1667,1139
1668,1188
1669,864
1670,976
1671,802
1672,941
1673,1175
1674,957
1675,1123
1676,945
1677,1092
1678,952
1679,992
1680,872
1681,1198
1682,1104
1683,1176
1684,1143
1685,939
1686,986
1687,1092
1688,860
1689,1179
1690,997
1691,1094
1692,1118
1693,1101
1694,1143
1695,810
1696,861
1697,1132
1698,1025
1699,952
1700,998
1701,851
1702,1059
1703,858
1704,871
1705,947
1706,1148
1707,862
1708,1109
1709,1172
1710,1042
1711,1165
1712,1129
1713,906
1714,1025
1715,1112
1716,1017
1717,1040
1718,1058
1719,1175
1720,1061
1721,804
1722,1060
1723,853
1724,846
1725,1014
1726,976
1727,808
1728,898
1729,819
1730,1177
1731,1040
1732,860
1733,1178
1734,977
1735,1137
1736,861
1737,944
1738,1015
1739,802
1740,959
1741,1026
1742,1068
1743,919
1744,1180
1745,888
1746,1128
1747,867
1748,1197
1749,1156
1750,897
1751,1066
1752,904
1753,1122
1754,922
1755,828
1756,936
1757,994
1758,1025
1759,1131
1760,969
1761,808
1762,839
1763,824
1764,1060
1765,1194
1766,1025
1767,923
1768,837
1769,1127
1770,1050
1771,1188
1772,975
1773,889
1774,836
1775,1115
1776,975
1777,1083
1778,880
1779,913
1780,839
1781,1100
1782,1023
1783,1117
1784,1148
1785,914
1786,985
1787,1122
1788,855
1789,839
1790,1153
1791,839
1792,1146
1793,1036
1794,1088
1795,1061
1796,1015
1797,946
1798,1135
1799,967
1800,891
1801,1152
1802,858
1803,858
1804,1103
1805,968
1806,1068
1807,1162
1808,844
1809,1144
1810,980
1811,969
1812,1155
1813,990
1814,954
1815,987
1816,806
1817,932
1818,1034
1819,844
1820,1113
1821,1048
1822,830
1823,822
1824,1193
1825,959
1826,1162
1827,957
1828,838
1829,881
1830,1155
1831,1057
1832,1005
1833,876
1834,811
1835,1094
1836,1023
1837,812
1838,845
1839,954
1840,912
1841,1032
1842,816
1843,1159
1844,1022
1845,1153
1846,987
1847,1143
1848,1164
1849,962
1850,1125
1851,873
1852,1032
1853,1023
1854,1118
1855,859
1856,1134
1857,1021
1858,836
1859,1077
1860,995
1861,1151
1862,1041
1863,1123
1864,1018
1865,991
1866,816
1867,811
1868,1200
1869,1193
1870,1173
1871,992
1872,821
1873,919
1874,1009
1875,1105
1876,1069
1877,991
1878,974
1879,1084
1880,1003
1881,963
1882,1050
1883,1026
1884,1180
1885,806
1886,828
1887,1194
1888,832
1889,933
1890,1166
1891,878
1892,857
1893,825
1894,1025
1895,1084
1896,803
1897,898
1898,1196
1899,838
1900,1070
1901,1174
1902,1084
1903,956
1904,874
1905,1171
1906,1087
1907,929
1908,974
1909,883
1910,821
1911,826
1912,994
1913,1136
1914,1181
1915,1035
1916,891
1917,820
1918,1102
1919,1156
1920,883
1921,1061
1922,946
1923,1186
1924,1056
1925,857
1926,1179
1927,814
1928,961
1929,962
1930,1119
1931,1080
1932,1079
1933,811
1934,1073
1935,1070
1936,1007
1937,826
1938,871
1939,859
1940,944
1941,892
1942,1108
1943,807
1944,878
1945,826
1946,973
1947,849
1948,998
1949,1186
1950,1148
1951,980
1952,823
1953,1115
1954,1177
1955,1186
1956,845
1957,814
1958,952
1959,1021
1960,1005
1961,1072
1962,1181
1963,1035
1964,1139
1965,1027
1966,808
1967,965
1968,1118
1969,1013
1970,916
1971,1185
1972,1143
1973,871
1974,1194
1975,863
1976,1004
1977,1008
1978,871
1979,1076
1980,1073
1981,1119
1982,1137
1983,1165
1984,894
1985,965
1986,831
1987,810
1988,1100
1989,1016
1990,1088
1991,901
1992,1191
1993,1066
1994,1013
1995,978
1996,887
1997,840
1998,1200
1999,875
2000,1176
2001,845
2002,959
2003,879
2004,1109
2005,885
2006,891
2007,947
2008,960
2009,1001
2010,1041
2011,1152
2012,801
2013,1024
2014,1088
2015,1032
2016,876
2017,915
2018,953
2019,902
2020,993
2021,965
2022,1158
2023,889
2024,973
2025,921
2026,942
2027,905
2028,1174
2029,1104
2030,1159
2031,1116
2032,922
2033,1189
2034,808
2035,1061
2036,872
2037,1158
2038,1022
2039,840
2040,1169
2041,1003
2042,1063
2043,1127
2044,977
2045,1147
2046,1117
2047,883
2048,1117
2049,910
2050,1050
2051,1182
2052,806
2053,883
2054,1007
2055,1187
2056,1189
2057,1113
2058,821
2059,1182
2060,802
2061,926
2062,1096
2063,987
2064,1161
2065,813
2066,811
2067,886
2068,811
2069,1196
2070,824
2071,1100
2072,1042
2073,921
2074,946
2075,854
2076,1037
2077,1155
2078,972
2079,1191
2080,1020
2081,918
2082,1108
2083,982
2084,1087
2085,1106
2086,1099
2087,881
2088,1010
2089,949
2090,836
2091,1151
2092,1111
2093,1160
2094,858
2095,930
2096,1001
2097,1042
2098,834
2099,892
2100,1006
2101,1152
2102,1190
2103,1131
2104,1104
2105,1149
2106,1012
2107,958
2108,823
2109,1092
2110,803
2111,1019
2112,1163
2113,1181
2114,819
2115,951
2116,849
2117,976
2118,895
2119,904
2120,1049
2121,916
2122,1153
2123,1027
2124,865
2125,1134
2126,1061
2127,1094
2128,1042
2129,1170
2130,985
2131,1045
2132,924
2133,1067
2134,930
2135,1036
2136,817
2137,839
2138,820
2139,1198
2140,1024
2141,1154
2142,1081
2143,807
2144,899
2145,1039
2146,886
2147,1097
2148,813
2149,1133
2150,801
2151,1174
2152,1092
2153,1124
2154,840
2155,1117
2156,1115
2157,1180
2158,910
2159,813
2160,1030
2161,883
2162,929
2163,1030
2164,1125
2165,944
2166,1178
2167,1144
2168,827
2169,865
2170,962
2171,1028
2172,1060
2173,963
2174,1100
2175,1102
2176,1086
2177,1194
2178,809
2179,994
2180,917
2181,1069
2182,879
2183,892
2184,1065
2185,1131
2186,1149
2187,1160
2188,1056
2189,932
2190,1075
2191,1063
2192,970
2193,800
2194,1112
2195,863
2196,1173
2197,1083
2198,920
2199,906
2200,974
2201,1003
2202,964
2203,1104
2204,919
2205,843
2206,1111
2207,955
2208,1166
2209,1006
2210,1189
2211,907
2212,1050
2213,1169
2214,1133
2215,929
2216,1092
2217,819
2218,1081
2219,1084
2220,800
2221,918
2222,834
2223,997
2224,1044
2225,858
2226,1124
2227,960
2228,978
2229,1005
2230,811
2231,1075
2232,980
2233,1041
2234,1015
2235,1050
2236,1098
2237,925
2238,1016
2239,1105
2240,1084
2241,984
2242,838
2243,1022
2244,983
2245,977
2246,1093
2247,1139
2248,950
2249,1183
2250,925
2251,1100
2252,1107
2253,1135
2254,1033
2255,1179
2256,1174
2257,807
2258,1140
2259,928
2260,1063
2261,956
2262,1151
2263,1157
2264,804
2265,885
2266,974
2267,1089
2268,992
2269,1110
2270,918
2271,1017
2272,913
2273,944
2274,825
2275,935
2276,1102
2277,1031
2278,1168
2279,875
2280,1127
2281,1144
2282,1101
2283,1088
2284,800
2285,946
2286,1086
2287,941
2288,852
2289,1103
2290,868
2291,1160
2292,889
2293,1019
2294,991
2295,862
2296,872
2297,960
2298,968
2299,888
2300,975
2301,1068
2302,872
2303,1044
2304,876
2305,958
2306,1123
2307,897
2308,1180
2309,901
2310,931
2311,901
2312,818
2313,881
2314,1196
2315,1078
2316,1138
2317,1164
2318,1130
2319,928
2320,1143
2321,1109
2322,888
2323,1012
2324,942
2325,864
2326,875
2327,998
2328,942
2329,1115
2330,892
2331,1104
2332,1023
2333,1090
2334,901
2335,1066
2336,1154
2337,909
2338,1129
2339,1064
2340,802
2341,884
2342,1081
2343,1127
2344,1103
2345,916
2346,1020
2347,953
2348,952
2349,811
2350,932
2351,1103
2352,1092
2353,1099
2354,1027
2355,1070
2356,842
2357,1142
2358,1125
2359,1101
2360,1163
2361,1178
2362,820
2363,906
2364,1135
2365,1102
2366,916
2367,923
2368,1198
2369,1080
2370,1091
2371,1002
2372,850
2373,1070
2374,1123
2375,1076
2376,940
2377,1074
2378,1089
2379,1133
2380,1180
2381,1172
2382,851
2383,826
2384,956
2385,1038
2386,955
2387,1090
2388,935
2389,943
2390,905
2391,957
2392,945
2393,801
2394,876
2395,931
2396,889
2397,1144
2398,1149
2399,1062
2400,1150
2401,907
2402,873
2403,838
2404,1196
2405,958
2406,870
2407,1111
2408,1040
2409,1097
2410,835
2411,883
2412,1173
2413,1062
2414,1109
2415,1184
2416,971
2417,1175
2418,972
2419,1161
2420,846
2421,1178
2422,940
2423,1174
2424,917
2425,1076
2426,1013
2427,1019
2428,1192
2429,825
2430,808
2431,1070
2432,809
2433,1177
2434,920
2435,924
2436,969
2437,871
2438,951
2439,1007
2440,848
2441,953
2442,1146
2443,1092
2444,867
2445,849
2446,951
2447,818
2448,899
2449,859
2450,966
2451,1001
2452,1144
2453,945
2454,963
2455,1041
2456,868
2457,974
2458,848
2459,907
2460,1025
2461,960
2462,918
2463,948
2464,949
2465,1092
2466,942
2467,959
2468,810
2469,937
2470,877
2471,876
2472,1053
2473,1057
2474,1119
2475,1090
2476,1062
2477,884
2478,945
2479,1122
2480,841
2481,1173
2482,924
2483,966
2484,1040
2485,1079
2486,987
2487,1101
2488,818
2489,867
2490,1017
2491,901
2492,841
2493,1087
2494,966
2495,908
2496,835
2497,1031
2498,1028
2499,1152
2500,963
2501,1186
2502,872
2503,935
2504,1152
2505,1178
2506,869
2507,995
2508,1068
2509,848
2510,1115
2511,929
2512,804
2513,826
2514,959
2515,948
2516,1063
2517,1029
2518,999
2519,849
2520,866
2521,1099
2522,1180
2523,857
2524,1058
2525,1141
2526,1125
2527,929
2528,1014
2529,971
2530,1057
2531,901
2532,1008
2533,1090
2534,1153
2535,1085
2536,915
2537,1063
2538,949
2539,1099
2540,835
2541,1132
2542,1086
2543,1102
2544,1110
2545,1007
2546,905
2547,957
2548,920
2549,854
2550,1199
2551,811
2552,944
2553,1199
2554,1195
2555,935
2556,802
2557,943
2558,829
2559,1036
2560,1078
2561,1147
2562,914
2563,903
2564,917
2565,804
2566,1159
2567,1047
2568,1163
2569,1120
2570,920
2571,1085
2572,948
2573,883
2574,1030
2575,1087
2576,960
2577,1071
2578,837
2579,1025
2580,941
2581,1091
2582,950
2583,913
2584,1036
2585,865
2586,1160
2587,1140
2588,1057
2589,1048
2590,1130
2591,1122
2592,979
2593,989
2594,953
2595,995
2596,1110
2597,1061
2598,942
2599,1141
2600,1115
2601,900
2602,1043
2603,811
2604,1038
2605,848
2606,841
2607,965
2608,881
2609,1090
2610,957
2611,1015
2612,957
2613,933
2614,866
2615,1135
2616,806
2617,813
2618,872
2619,1198
2620,962
2621,865
2622,1146
2623,929
2624,1005
2625,1075
2626,1055
2627,1065
2628,824
2629,1080
2630,1052
2631,1109
2632,1088
2633,963
2634,894
2635,1069
2636,1120
2637,909
2638,1135
2639,1109
2640,1037
2641,1180
2642,1186
2643,1189
2644,824
2645,940
2646,916
2647,1191
2648,824
2649,878
2650,867
2651,972
2652,811
2653,1087
2654,927
2655,895
2656,891
2657,940
2658,830
2659,1133
2660,819
2661,945
2662,1115
2663,1189
2664,959
2665,1148
2666,842
2667,1053
2668,929
2669,859
2670,950
2671,1086
2672,804
2673,1065
2674,1144
2675,929
2676,1181
2677,1066
2678,977
2679,1052
2680,855
2681,882
2682,1192
2683,898
2684,948
2685,1128
2686,955
2687,989
2688,1170
2689,1062
2690,879
2691,1199
2692,1051
2693,896
2694,1059
2695,1059
2696,902
2697,839
2698,1072
2699,900
2700,1158
2701,1179
2702,1107
2703,1020
2704,1107
2705,923
2706,1030
2707,977
2708,862
2709,915
2710,990
2711,861
2712,1055
2713,806
2714,954
2715,891
2716,813
2717,1028
2718,885
2719,932
2720,982
2721,1185
2722,861
2723,1018
2724,1045
2725,1029
2726,878
2727,948
2728,937
2729,1113
2730,1175
2731,1188
2732,864
2733,812
2734,1012
2735,1041
2736,1012
2737,980
2738,1137
2739,972
2740,959
2741,963
2742,987
2743,1194
2744,990
2745,1107
2746,1055
2747,982
2748,916
2749,1081
2750,995
2751,833
2752,851
2753,911
2754,1051
2755,881
2756,1031
2757,1026
2758,1032
2759,1020
2760,841
2761,820
2762,841
2763,1196
2764,912
2765,904
2766,991
2767,816
2768,919
2769,1192
2770,928
2771,929
2772,859
2773,847
2774,828
2775,896
2776,809
2777,1041
2778,1113
2779,1031
2780,1076
2781,1083
2782,1002
2783,1046
2784,1089
2785,1063
2786,1013
2787,999
2788,878
2789,1200
2790,1142
2791,1143
2792,972
2793,868
2794,886
2795,900
2796,807
2797,1132
2798,999
2799,886
2800,842
2801,1184
2802,908
2803,951
2804,816
2805,932
2806,947
2807,1076
2808,1031
2809,1113
2810,1165
2811,1027
2812,938
2813,1198
2814,1010
2815,1190
2816,827
2817,850
2818,1060
2819,1060
2820,1149
2821,1151
2822,807
2823,1119
2824,937
2825,837
2826,910
2827,1167
2828,1019
2829,1136
2830,1022
2831,935
2832,1055
2833,1159
2834,1128
2835,848
2836,1091
2837,1181
2838,1123
2839,877
2840,904
2841,968
2842,1016
2843,1177
2844,918
2845,989
2846,1054
2847,1169
2848,1065
2849,948
2850,963
2851,939
2852,1146
2853,1057
2854,1173
2855,1068
2856,980
2857,959
2858,1150
2859,1199
2860,1087
2861,1087
2862,1179
2863,1025
2864,810
2865,809
2866,1070
2867,1072
2868,982
2869,952
2870,1114
2871,1133
2872,923
2873,913
2874,1077
2875,1012
2876,971
2877,1087
2878,973
2879,912
2880,1175
2881,921
2882,831
2883,1021
2884,918
2885,838
2886,1067
2887,1032
2888,817
2889,948
2890,1196
2891,948
2892,925
2893,1191
2894,1101
2895,1159
2896,1037
2897,934
2898,950
2899,1035
2900,1023
2901,1002
2902,1055
2903,885
2904,949
2905,1034
2906,1144
2907,821
2908,1147
2909,1084
2910,1068
2911,1057
2912,828
2913,1012
2914,1082
2915,849
2916,894
2917,887
2918,843
2919,1077
2920,970
2921,988
2922,1152
2923,983
2924,802
2925,990
2926,917
2927,818
2928,822
2929,829
2930,1094
2931,907
2932,1166
2933,1080
2934,927
2935,1028
2936,910
2937,935
2938,1161
2939,985
2940,943
2941,871
2942,928
2943,1163
2944,1060
2945,802
2946,1187
2947,903
2948,1023
2949,1119
2950,1161
2951,1153
2952,809
2953,1183
2954,1101
2955,1030
2956,1018
2957,865
2958,911
2959,812
2960,1192
2961,885
2962,1033
2963,889
2964,1113
2965,853
2966,811
2967,1008
2968,813
2969,920
2970,1176
2971,819
2972,874
2973,1199
2974,1042
2975,1022
2976,869
2977,1111
2978,1010
2979,900
2980,985
2981,931
2982,910
2983,1180
2984,931
2985,819
2986,1193
2987,823
2988,1026
2989,953
2990,1092
2991,1029
2992,1109
2993,1158
2994,1001
2995,837
2996,1059
2997,987
2998,856
2999,819
3000,1072
3001,918
3002,870
3003,803
3004,1020
3005,813
3006,802
3007,1015
3008,1028
3009,1135
3010,985
3011,854
3012,1187
3013,1175
3014,1053
3015,823
3016,961
3017,957
3018,881
3019,958
3020,987
3021,859
3022,1104
3023,1118
3024,1165
3025,1010
3026,951
3027,908
3028,875
3029,829
3030,1113
3031,916
3032,1155
3033,991
3034,818
3035,972
3036,1027
3037,1149
3038,982
3039,912
3040,982
3041,945
3042,1118
3043,915
3044,912
3045,1050
3046,1050
3047,1102
3048,1112
3049,917
3050,1100
3051,960
3052,1200
3053,997
3054,1059
3055,947
3056,1039
3057,846
3058,1198
3059,997
3060,846
3061,877
3062,923
3063,874
3064,1158
3065,936
3066,889
3067,1199
3068,1124
3069,860
3070,937
3071,849
3072,1058
3073,906
3074,912
3075,1149
3076,1053
3077,917
3078,997
3079,1136
3080,1164
3081,850
3082,1044
3083,834
3084,1101
3085,868
3086,1148
3087,1119
3088,848
3089,873
3090,991
3091,1060
3092,1155
3093,869
3094,889
3095,1059
3096,925
3097,1030
3098,1094
3099,928
3100,1079
3101,1112
3102,899
3103,1125
3104,1096
3105,981
3106,973
3107,1115
3108,1163
3109,987
3110,856
3111,830
3112,883
3113,951
3114,835
3115,1012
3116,1163
3117,905
3118,1141
3119,1019
3120,1190
3121,962
3122,1019
3123,1069
3124,919
3125,1193
3126,1135
3127,1199
3128,981
3129,905
3130,1016
3131,1004
3132,869
3133,843
3134,1128
3135,1100
3136,1027
3137,983
3138,906
3139,883
3140,1137
3141,1049
3142,1162
3143,820
3144,995
3145,977
3146,806
3147,869
3148,926
3149,1198
3150,959
3151,1047
3152,1002
3153,947
3154,942
3155,998
3156,953
3157,1175
3158,1183
3159,941
3160,1112
3161,964
3162,1113
3163,820
3164,881
3165,868
3166,930
3167,886
3168,1017
3169,1104
3170,1170
3171,1144
3172,1140
3173,1183
3174,1195
3175,960
3176,977
3177,916
3178,995
3179,1182
3180,1126
3181,885
3182,1088
3183,880
3184,951
3185,860
3186,860
3187,1153
3188,827
3189,842
3190,968
3191,885
3192,976
3193,816
3194,897
3195,997
3196,897
3197,864
3198,1129
3199,1140
3200,804
3201,801
3202,821
3203,911
3204,856
3205,865
3206,1129
3207,897
3208,943
3209,1167
3210,924
3211,966
3212,885
3213,875
3214,1143
3215,1093
3216,858
3217,937
3218,898
3219,991
3220,1042
3221,1118
3222,848
3223,831
3224,1190
3225,1076
3226,819
3227,953
3228,1182
3229,867
3230,1165
3231,1171
3232,1013
3233,942
3234,1175
3235,1031
3236,1012
3237,878
3238,1013
3239,915
3240,891
3241,1069
3242,1180
3243,967
3244,857
3245,1083
3246,825
3247,1168
3248,865
3249,1047
3250,1053
3251,1186
3252,843
3253,896
3254,841
3255,1026
3256,1061
3257,966
3258,1078
3259,888
3260,1178
3261,977
3262,996
3263,1106
3264,1066
3265,1067
3266,873
3267,807
3268,1096
3269,963
3270,884
3271,871
3272,854
3273,1192
3274,846
3275,1198
3276,1037
3277,903
3278,1009
3279,841
3280,1115
3281,1067
3282,1185
3283,1062
3284,1135
3285,1186
3286,1164
3287,1058
3288,1082
3289,913
3290,1162
3291,839
3292,1019
3293,928
3294,807
3295,900
3296,1179
3297,975
3298,906
3299,900
3300,1059
3301,1165
3302,1045
3303,1074
3304,831
3305,936
3306,811
3307,1194
3308,1101
3309,1174
3310,815
3311,928
3312,862
3313,908
3314,1174
3315,820
3316,957
3317,1068
3318,961
3319,1059
3320,901
3321,1022
3322,858
3323,1046
3324,927
3325,1082
3326,1124
3327,824
3328,930
3329,1152
3330,995
3331,1080
3332,953
3333,1181
3334,932
3335,1026
3336,988
3337,1064
3338,1171
3339,933
3340,1010
3341,859
3342,1176
3343,1194
3344,1163
3345,1163
3346,1012
3347,1015
3348,1025
3349,930
3350,875
3351,1085
3352,1076
3353,955
3354,1047
3355,1017
3356,989
3357,962
3358,979
3359,833
3360,840
3361,1106
3362,1137
3363,1113
3364,874
3365,1078
3366,975
3367,1183
3368,949
3369,1072
3370,1124
3371,907
3372,938
3373,1149
3374,1070
3375,1146
3376,1088
3377,1011
3378,1180
3379,1071
3380,865
3381,1047
3382,955
3383,846
3384,1000
3385,947
3386,923
3387,800
3388,1046
3389,1142
3390,927
3391,990
3392,866
3393,803
3394,1102
3395,1093
3396,942
3397,990
3398,820
3399,1026
3400,1112
3401,916
3402,1101
3403,941
3404,1200
3405,838
3406,1192
3407,1154
3408,1051
3409,1132
3410,1006
3411,1009
3412,914
3413,1024
3414,933
3415,1050
3416,1018
3417,890
3418,1153
3419,1175
3420,845
3421,837
3422,941
3423,899
3424,1127
3425,989
3426,834
3427,946
3428,829
3429,1133
3430,883
3431,1168
3432,1080
3433,1143
3434,1069
3435,953
3436,901
3437,1014
3438,949
3439,882
3440,909
3441,1186
3442,1074
3443,1000
3444,1083
3445,972
3446,1126
3447,1005
3448,862
3449,872
3450,1050
3451,923
3452,1174
3453,920
3454,1074
3455,1197
3456,919
3457,1116
3458,963
3459,1085
3460,1064
3461,1119
3462,960
3463,1175
3464,1107
3465,888
3466,941
3467,1002
3468,1108
3469,1026
3470,1133
3471,1021
3472,840
3473,995
3474,867
3475,1063
3476,801
3477,1160
3478,924
3479,909
3480,885
3481,919
3482,926
3483,1054
3484,982
3485,815
3486,861
3487,1168
3488,957
3489,1067
3490,834
3491,1066
3492,863
3493,849
3494,1054
3495,948
3496,1124
3497,1103
3498,1075
3499,1156
3500,971
3501,1000
3502,1192
3503,1123
3504,834
3505,1015
3506,864
3507,807
3508,1100
3509,1142
3510,1131
3511,875
3512,973
3513,846
3514,814
3515,1160
3516,946
3517,825
3518,1107
3519,892
3520,1031
3521,820
3522,1106
3523,837
3524,1075
3525,956
3526,978
3527,931
3528,1110
3529,1147
3530,827
3531,1059
3532,875
3533,866
3534,1141
3535,993
3536,961
3537,1146
3538,1160
3539,1056
3540,871
3541,886
3542,1061
3543,1013
3544,952
3545,1009
3546,1200
3547,860
3548,1067
3549,1061
3550,1017
3551,1082
3552,935
3553,1179
3554,1161
3555,892
3556,908
3557,1040
3558,1154
3559,941
3560,1090
3561,1036
3562,1139
3563,1111
3564,976
3565,940
3566,988
3567,848
3568,1101
3569,1168
3570,989
3571,935
3572,842
3573,1179
3574,1152
3575,889
3576,1094
3577,1140
3578,1044
3579,991
3580,1117
3581,905
3582,1162
3583,1109
3584,1181
3585,1032
3586,1064
3587,1143
3588,836
3589,1104
3590,840
3591,816
3592,1143
3593,1076
3594,1106
3595,858
3596,982
3597,840
3598,838
3599,1196
3600,991
3601,1066
3602,946
3603,1194
3604,1132
3605,926
3606,845
3607,844
3608,800
3609,967
3610,907
3611,818
3612,1131
3613,871
3614,908
3615,1067
3616,1039
3617,1100
3618,889
3619,902
3620,1049
3621,807
3622,952
3623,1146
3624,973
3625,1142
3626,957
3627,1014
3628,976
3629,974
3630,1139
3631,1137
3632,945
3633,1123
3634,960
3635,926
3636,881
3637,946
3638,1038
3639,883
3640,912
3641,1024
3642,1131
3643,1177
3644,1042
3645,942
3646,840
3647,1057
3648,1084
3649,904
3650,1001
3651,1106
3652,1130
3653,1065
3654,1197
3655,1009
3656,850
3657,917
3658,1000
3659,1176
3660,838
3661,827
3662,1058
3663,883
3664,954
3665,916
3666,801
3667,892
3668,965
3669,1186
3670,1199
3671,1149
3672,1095
3673,1057
3674,880
3675,1067
3676,1034
3677,1120
3678,1110
3679,1100
3680,1156
3681,1012
3682,861
3683,848
3684,926
3685,1022
3686,1078
3687,1093
3688,1083
3689,1076
3690,906
3691,945
3692,898
3693,1174
3694,872
3695,921
3696,829
3697,987
3698,1163
3699,1153
3700,1087
3701,994
3702,955
3703,971
3704,1134
3705,840
3706,862
3707,822
3708,1159
3709,874
3710,847
3711,959
3712,1112
3713,917
3714,899
3715,1179
3716,966
3717,1089
3718,955
3719,806
3720,995
3721,855
3722,1120
3723,992
3724,846
3725,947
3726,1074
3727,956
3728,1001
3729,925
3730,1194
3731,1104
3732,1168
3733,1093
3734,863
3735,1124
3736,1191
3737,975
3738,915
3739,1003
3740,1120
3741,830
3742,1187
3743,912
3744,1164
3745,1124
3746,1175
3747,1143
3748,866
3749,874
3750,844
3751,1059
3752,953
3753,954
3754,1162
3755,1033
3756,850
3757,1105
3758,1061
3759,1114
3760,924
3761,1198
3762,1044
3763,829
3764,921
3765,924
3766,836
3767,969
3768,923
3769,1156
3770,834
3771,886
3772,933
3773,995
3774,1073
3775,1000
3776,1168
3777,1084
3778,876
3779,858
3780,925
3781,1200
3782,908
3783,1023
3784,1077
3785,867
3786,868
3787,964
3788,1104
3789,1196
3790,961
3791,1164
3792,1141
3793,1108
3794,1178
3795,1142
3796,1186
3797,841
3798,1153
3799,908
3800,850
3801,1049
3802,1140
3803,1182
3804,820
3805,1099
3806,938
3807,1158
3808,1123
3809,1184
3810,891
3811,1079
3812,924
3813,1196
3814,910
3815,1153
3816,938
3817,1072
3818,898
3819,1051
3820,1137
3821,903
3822,1013
3823,1048
3824,951
3825,1049
3826,1074
3827,964
3828,1140
3829,807
3830,1083
3831,804
3832,944
3833,900
3834,963
3835,1173
3836,946
3837,863
3838,890
3839,916
3840,1153
3841,1066
3842,1109
3843,972
3844,846
3845,939
3846,1045
3847,948
3848,1045
3849,1194
3850,804
3851,983
3852,819
3853,845
3854,811
3855,869
3856,816
3857,1170
3858,946
3859,953
3860,1103
3861,907
3862,1035
3863,1107
3864,1151
3865,869
3866,982
3867,1049
3868,1027
3869,901
3870,874
3871,1015
3872,1198
3873,1002
3874,991
3875,1048
3876,1041
3877,978
3878,1018
3879,881
3880,891
3881,974
3882,1038
3883,1059
3884,1190
3885,1164
3886,962
3887,847
3888,1128
3889,1127
3890,915
3891,1136
3892,1136
3893,1168
3894,1024
3895,1151
3896,1127
3897,946
3898,862
3899,1093
3900,1122
3901,1124
3902,812
3903,988
3904,1086
3905,1007
3906,913
3907,821
3908,1148
3909,1013
3910,970
3911,1122
3912,853
3913,1193
3914,1097
3915,1119
3916,925
3917,1076
3918,1003
3919,993
3920,968
3921,951
3922,834
3923,983
3924,1085
3925,856
3926,1021
3927,1102
3928,962
3929,818
3930,1169
3931,1063
3932,1081
3933,912
3934,1126
3935,829
3936,934
3937,866
3938,864
3939,1091
3940,824
3941,836
3942,800
3943,1198
3944,836
3945,940
3946,1031
3947,935
3948,1188
3949,987
3950,927
3951,1000
3952,926
3953,1056
3954,963
3955,834
3956,993
3957,990
3958,903
3959,822
3960,1064
3961,1089
3962,1183
3963,1059
3964,1157
3965,874
3966,1154
3967,871
3968,1058
3969,1197
3970,987
3971,972
3972,1089
3973,844
3974,860
3975,882
3976,922
3977,1157
3978,815
3979,865
3980,944
3981,1174
3982,961
3983,1033
3984,1179
3985,943
3986,1157
3987,987
3988,1121
3989,812
3990,983
3991,910
3992,1089
3993,1094
3994,1191
3995,1014
3996,919
3997,1181
3998,854
3999,826
4000,917
4001,1020
4002,1030
4003,852
4004,1094
4005,1120
4006,1200
4007,1032
4008,957
4009,1068
4010,820
4011,852
4012,1074
4013,1112
4014,1080
4015,1013
4016,830
4017,1136
4018,982
4019,822
4020,831
4021,873
4022,809
4023,853
4024,851
4025,947
4026,959
4027,1169
4028,813
4029,977
4030,1165
4031,852
4032,1134
4033,821
4034,829
4035,990
4036,1059
4037,1004
4038,858
4039,1063
4040,811
4041,918
4042,1089
4043,1137
4044,1047
4045,1153
4046,926
4047,874
4048,1160
4049,1003
4050,848
4051,878
4052,1040
4053,1148
4054,953
4055,1073
4056,895
4057,1013
4058,1093
4059,1008
4060,1142
4061,887
4062,1105
4063,1063
4064,1189
4065,1124
4066,1176
4067,1119
4068,956
4069,955
4070,938
4071,920
4072,864
4073,906
4074,946
4075,936
4076,961
4077,899
4078,1137
4079,1198
4080,1106
4081,940
4082,882
4083,976
4084,997
4085,911
4086,855
4087,978
4088,1200
4089,985
4090,1017
4091,1115
4092,1016
4093,919
4094,1193
4095,974
4096,822
4097,1012
4098,1034
4099,812
4100,900
4101,823
4102,1163
4103,810
4104,1072
4105,1080
4106,893
4107,1000
4108,820
4109,1139
4110,1010
4111,939
4112,1092
4113,1097
4114,1200
4115,900
4116,1103
4117,1158
4118,827
4119,840
4120,1154
4121,1102
4122,945
4123,1055
4124,1026
4125,1035
4126,1160
4127,1179
4128,812
4129,1009
4130,1028
4131,1196
4132,899
4133,830
4134,1185
4135,815
4136,936
4137,1128
4138,965
4139,1109
4140,899
4141,908
4142,1142
4143,972
4144,1036
4145,961
4146,1192
4147,1015
4148,1063
4149,1062
4150,1091
4151,1073
4152,802
4153,827
4154,1125
4155,948
4156,827
4157,1109
4158,864
4159,1155
4160,820
4161,1051
4162,1034
4163,1026
4164,812
4165,1112
4166,848
4167,917
4168,853
4169,937
4170,852
4171,843
4172,1102
4173,852
4174,873
4175,845
4176,812
4177,964
4178,901
4179,1079
4180,1057
4181,1136
4182,1155
4183,1197
4184,937
4185,962
4186,1186
4187,910
4188,901
4189,816
4190,1067
4191,981
4192,1171
4193,823
4194,828
4195,970
4196,1027
4197,1177
4198,987
4199,1145
4200,1029
4201,1120
4202,1139
4203,918
4204,955
4205,1071
4206,974
4207,903
4208,891
4209,985
4210,1082
4211,980
4212,969
4213,986
4214,974
4215,1021
4216,1032
4217,961
4218,933
4219,1190
4220,1023
4221,952
4222,832
4223,854
4224,806
4225,1043
4226,1112
4227,925
4228,811
4229,815
4230,1007
4231,842
4232,1172
4233,934
4234,1027
4235,910
4236,1106
4237,959
4238,1130
4239,1063
4240,1024
4241,1016
4242,844
4243,1013
4244,858
4245,931
4246,903
4247,994
4248,956
4249,897
4250,1025
4251,1004
4252,878
4253,923
4254,1017
4255,803
4256,889
4257,903
4258,1192
4259,918
4260,932
4261,1111
4262,895
4263,1130
4264,942
4265,1087
4266,827
4267,1077
4268,1032
4269,816
4270,858
4271,889
4272,998
4273,1161
4274,825
4275,824
4276,1193
4277,1100
4278,1138
4279,1066
4280,980
4281,1159
4282,867
4283,1150
4284,1120
4285,848
4286,974
4287,851
4288,901
4289,1015
4290,987
4291,856
4292,846
4293,958
4294,973
4295,1041
4296,1081
4297,1040
4298,1169
4299,804
4300,883
4301,1107
4302,1160
4303,1047
4304,853
4305,960
4306,1025
4307,814
4308,1023
4309,860
4310,921
4311,1076
4312,845
4313,1189
4314,1093
4315,861
4316,885
4317,1009
4318,877
4319,1001
4320,1101
4321,1196
4322,1022
4323,1021
4324,802
4325,805
4326,892
4327,807
4328,1034
4329,907
4330,960
4331,1008
4332,1039
4333,1130
4334,1132
4335,849
4336,810
4337,1150
4338,955
4339,869
4340,968
4341,1071
4342,867
4343,1154
4344,1051
4345,847
4346,983
4347,1119
4348,986
4349,889
4350,1131
4351,938
4352,1156
4353,888
4354,1073
4355,818
4356,1110
4357,1157
4358,1173
4359,953
4360,1189
4361,1059
4362,907
4363,1170
4364,1084
4365,858
4366,924
4367,1153
4368,1072
4369,906
4370,1098
4371,1044
4372,1135
4373,1046
4374,807
4375,940
4376,1161
4377,807
4378,1151
4379,893
4380,1120
4381,838
4382,880
4383,986
4384,883
4385,887
4386,1041
4387,1141
4388,892
4389,885
4390,843
4391,936
4392,873
4393,835
4394,900
4395,955
4396,1054
4397,970
4398,1015
4399,969
4400,1051
4401,1159
4402,1121
4403,854
4404,890
4405,1077
4406,900
4407,954
4408,1176
4409,1148
4410,1163
4411,940
4412,972
4413,809
4414,1027
4415,1064
4416,1047
4417,1046
4418,954
4419,833
4420,928
4421,959
4422,888
4423,892
4424,1126
4425,1040
4426,1122
4427,916
4428,893
4429,962
4430,898
4431,912
4432,1158
4433,890
4434,1145
4435,1005
4436,816
4437,1073
4438,972
4439,915
4440,1148
4441,980
4442,890
4443,881
4444,1123
4445,913
4446,1056
4447,857
4448,953
4449,1164
4450,915
4451,1142
4452,1065
4453,1114
4454,1002
4455,840
4456,904
4457,1188
4458,1177
4459,992
4460,1200
4461,1077
4462,1153
4463,1036
4464,1020
4465,867
4466,996
4467,1055
4468,938
4469,1111
4470,948
4471,898
4472,875
4473,1081
4474,1170
4475,908
4476,987
4477,998
4478,1102
4479,1126
4480,953
4481,839
4482,932
4483,931
4484,1078
4485,1161
4486,883
4487,1198
4488,1041
4489,915
4490,908
4491,1020
4492,1191
4493,840
4494,1167
4495,946
4496,911
4497,902
4498,845
4499,1123
4500,1177
4501,1070
4502,1184
4503,994
4504,1166
4505,1079
4506,1082
4507,839
4508,988
4509,963
4510,823
4511,823
4512,803
4513,1122
4514,1089
4515,980
4516,1047
4517,915
4518,1078
4519,1164
4520,868
4521,1150
4522,1053
4523,980
4524,1117
4525,968
4526,1112
4527,1048
4528,987
4529,853
4530,1125
4531,1156
4532,1112
4533,937
4534,967
4535,1190
4536,902
4537,884
4538,1116
4539,1011
4540,802
4541,1183
4542,978
4543,1141
4544,1102
4545,1131
4546,837
4547,1038
4548,968
4549,1196
4550,1142
4551,1113
4552,1105
4553,829
4554,989
4555,1156
4556,824
4557,911
4558,1005
4559,984
4560,1181
4561,1178
4562,846
4563,1173
4564,1027
4565,838
4566,815
4567,821
4568,1012
4569,1109
4570,948
4571,1040
4572,1071
4573,858
4574,1086
4575,1001
4576,831
4577,961
4578,1054
4579,1053
4580,808
4581,938
4582,809
4583,1013
4584,1072
4585,1123
4586,847
4587,910
4588,952
4589,922
4590,1156
4591,901
4592,1040
4593,1120
4594,990
4595,1016
4596,850
4597,1091
4598,880
4599,1182
4600,887
4601,993
4602,903
4603,1070
4604,895
4605,1178
4606,997
4607,800
4608,1177
4609,966
4610,925
4611,1112
4612,880
4613,1050
4614,968
4615,872
4616,940
4617,869
4618,1061
4619,1139
4620,1107
4621,1044
4622,802
4623,1136
4624,862
4625,848
4626,875
4627,1167
4628,974
4629,908
4630,982
4631,991
4632,864
4633,1136
4634,1070
4635,899
4636,831
4637,1151
4638,927
4639,1168
4640,1138
4641,842
4642,1171
4643,877
4644,1113
4645,1088
4646,1069
4647,961
4648,988
4649,1046
4650,1187
4651,1015
4652,1114
4653,1138
4654,1189
4655,1176
4656,967
4657,1138
4658,992
4659,1082
4660,1135
4661,1189
4662,812
4663,1039
4664,1119
4665,946
4666,1003
4667,879
4668,1178
4669,842
4670,888
4671,947
4672,894
4673,950
4674,801
4675,1175
4676,821
4677,1170
4678,1112
4679,1127
4680,806
4681,1005
4682,1174
4683,913
4684,1071
4685,882
4686,978
4687,1009
4688,1127
4689,923
4690,912
4691,811
4692,925
4693,852
4694,1130
4695,1188
4696,1082
4697,939
4698,1200
4699,1189
4700,896
4701,804
4702,856
4703,1133
4704,868
4705,917
4706,1175
4707,858
4708,832
4709,1117
4710,849
4711,1167
4712,818
4713,1013
4714,996
4715,1178
4716,846
4717,966
4718,1088
4719,940
4720,883
4721,981
4722,1190
4723,878
4724,1014
4725,813
4726,1014
4727,927
4728,1109
4729,1047
4730,828
4731,1079
4732,1137
4733,1118
4734,1001
4735,1160
4736,856
4737,1191
4738,1017
4739,861
4740,956
4741,1001
4742,816
4743,1121
4744,805
4745,857
4746,1124
4747,1117
4748,968
4749,881
4750,1018
4751,976
4752,1003
4753,870
4754,1186
4755,1065
4756,897
4757,1144
4758,1090
4759,1007
4760,801
4761,923
4762,1079
4763,873
4764,965
4765,821
4766,953
4767,1094
4768,1018
4769,956
4770,1029
4771,819
4772,840
4773,947
4774,907
4775,883
4776,1166
4777,1121
4778,1108
4779,1089
4780,1122
4781,933
4782,1006
4783,1082
4784,1065
4785,872
4786,1151
4787,847
4788,1125
4789,1032
4790,899
4791,858
4792,1057
4793,864
4794,882
4795,953
4796,1065
4797,1108
4798,878
4799,1114
4800,949
4801,847
4802,1178
4803,1047
4804,1077
4805,1155
4806,897
4807,824
4808,1083
4809,1168
4810,1100
4811,867
4812,806
4813,1104
4814,936
4815,963
4816,882
4817,1184
4818,937
4819,872
4820,1036
4821,845
4822,905
4823,1087
4824,1061
4825,975
4826,965
4827,944
4828,1129
4829,1169
4830,1082
4831,853
4832,977
4833,1043
4834,1140
4835,926
4836,1166
4837,1070
4838,931
4839,892
4840,1178
4841,872
4842,1047
4843,1147
4844,1072
4845,842
4846,1176
4847,840
4848,969
4849,1011
4850,967
4851,838
4852,1168
4853,1044
4854,950
4855,910
4856,846
4857,862
4858,1024
4859,1165
4860,868
4861,1098
4862,1089
4863,1095
4864,1002
4865,860
4866,1117
4867,1113
4868,960
4869,1130
4870,815
4871,1137
4872,893
4873,1103
4874,937
4875,1137
4876,837
4877,926
4878,1074
4879,963
4880,1118
4881,876
4882,973
4883,1186
4884,1157
4885,1120
4886,1175
4887,890
4888,1037
4889,1063
4890,978
4891,1008
4892,872
4893,1189
4894,906
4895,1144
4896,1094
4897,1168
4898,1083
4899,1152
4900,981
4901,836
4902,936
4903,1137
4904,855
4905,986
4906,1140
4907,1057
4908,857
4909,1162
4910,922
4911,987
4912,1029
4913,967
4914,913
4915,1051
4916,906
4917,836
4918,1134
4919,891
4920,817
4921,1153
4922,862
4923,949
4924,938
4925,985
4926,984
4927,1004
4928,1059
4929,1013
4930,1055
4931,934
4932,860
4933,1162
4934,1109
4935,887
4936,1123
4937,1006
4938,928
4939,1110
4940,802
4941,1041
4942,920
4943,1184
4944,901
4945,837
4946,1140
4947,932
4948,1001
4949,1147
4950,820
4951,1041
4952,908
4953,1102
4954,883
4955,882
4956,1090
4957,868
4958,928
4959,995
4960,939
4961,1082
4962,1111
4963,1033
4964,822
4965,952
4966,1076
4967,860
4968,1118
4969,1177
4970,851
4971,1143
4972,952
4973,1036
4974,1110
4975,1101
4976,831
4977,854
4978,1151
4979,1188
4980,835
4981,909
4982,976
4983,1161
4984,1113
4985,1094
4986,1135
4987,896
4988,1168
4989,1012
4990,1116
4991,936
4992,805
4993,908
4994,834
4995,838
4996,949
4997,917
4998,1060
4999,886
5000,875
